haopinang.com,"台下观众晃到嗨翻,Ant”爆乳弹跳打节拍,性感DJ“张蚂蚁,S2O最动感",https://haopinang.com/27793.html
haopinang.com,"台下观众晃到嗨翻,Ant”爆乳弹跳打节拍,性感DJ“张蚂蚁,S2O最动感",https://haopinang.com/27793.html
haopinang.com,"台下观众晃到嗨翻,Ant”爆乳弹跳打节拍,性感DJ“张蚂蚁,S2O最动感",https://haopinang.com/27793.html
haopinang.com,"台下观众晃到嗨翻,Ant”爆乳弹跳打节拍,性感DJ“张蚂蚁,S2O最动感",https://haopinang.com/27793.html
haopinang.com,"台下观众晃到嗨翻,Ant”爆乳弹跳打节拍,性感DJ“张蚂蚁,S2O最动感",https://haopinang.com/27793.html
haopinang.com,"台下观众晃到嗨翻,Ant”爆乳弹跳打节拍,性感DJ“张蚂蚁,S2O最动感",https://haopinang.com/27793.html
haopinang.com,"台下观众晃到嗨翻,Ant”爆乳弹跳打节拍,性感DJ“张蚂蚁,S2O最动感",https://haopinang.com/27793.html
haopinang.com,"台下观众晃到嗨翻,Ant”爆乳弹跳打节拍,性感DJ“张蚂蚁,S2O最动感",https://haopinang.com/27793.html
haopinang.com,"台下观众晃到嗨翻,Ant”爆乳弹跳打节拍,性感DJ“张蚂蚁,S2O最动感",https://haopinang.com/27793.html
haopinang.com,"台下观众晃到嗨翻,Ant”爆乳弹跳打节拍,性感DJ“张蚂蚁,S2O最动感",https://haopinang.com/27793.html
haopinang.com,"台下观众晃到嗨翻,Ant”爆乳弹跳打节拍,性感DJ“张蚂蚁,S2O最动感",https://haopinang.com/27793.html
haopinang.com,"台下观众晃到嗨翻,Ant”爆乳弹跳打节拍,性感DJ“张蚂蚁,S2O最动感",https://haopinang.com/27793.html
